{"cameraMode":{"drawMode":0,"name":"Shaded","section":"Shading Mode"},"sceneLighting":false,"audioPlay":false,"sceneViewState":{"m_AlwaysRefresh":false,"showFog":true,"showSkybox":false,"showFlares":true,"showImageEffects":true,"showParticleSystems":true,"showVisualEffectGraphs":true,"m_FxEnabled":true},"in2DMode":false,"pivot":{"x":0.8569999933242798,"y":1.6711797714233399,"z":25.22854995727539},"rotation":{"x":0.20698274672031403,"y":-0.6440314054489136,"z":0.18648582696914674,"w":0.7125944495201111},"size":2.6190366744995119,"orthographic":false}