{"cameraMode":{"drawMode":0,"name":"Shaded","section":"Shading Mode"},"sceneLighting":false,"audioPlay":false,"sceneViewState":{"m_AlwaysRefresh":false,"showFog":true,"showSkybox":false,"showFlares":true,"showImageEffects":true,"showParticleSystems":true,"showVisualEffectGraphs":true,"m_FxEnabled":true},"in2DMode":false,"pivot":{"x":482.66668701171877,"y":322.6351318359375,"z":51.97999954223633},"rotation":{"x":0.006867540068924427,"y":-0.9931391477584839,"z":0.08212021738290787,"w":0.0830179825425148},"size":2.2815001010894777,"orthographic":false}