{"cameraMode":{"drawMode":0,"name":"Shaded","section":"Shading Mode"},"sceneLighting":false,"audioPlay":false,"sceneViewState":{"m_AlwaysRefresh":false,"showFog":true,"showSkybox":false,"showFlares":true,"showImageEffects":true,"showParticleSystems":true,"showVisualEffectGraphs":true,"m_FxEnabled":true},"in2DMode":false,"pivot":{"x":0.021223045885562898,"y":0.07727859914302826,"z":0.4104231595993042},"rotation":{"x":-0.21950121223926545,"y":0.7078688144683838,"z":-0.24961160123348237,"w":-0.623400092124939},"size":0.889614462852478,"orthographic":false}