{"cameraMode":{"drawMode":0,"name":"Shaded","section":"Shading Mode"},"sceneLighting":false,"audioPlay":false,"sceneViewState":{"m_AlwaysRefresh":false,"showFog":true,"showSkybox":false,"showFlares":true,"showImageEffects":true,"showParticleSystems":true,"showVisualEffectGraphs":true,"m_FxEnabled":true},"in2DMode":false,"pivot":{"x":-0.056858062744140628,"y":3.9581148624420168,"z":0.28742384910583498},"rotation":{"x":0.025372404605150224,"y":-0.9613980054855347,"z":0.09490761160850525,"w":0.25708824396133425},"size":3.3392858505249025,"orthographic":true}