{"cameraMode":{"drawMode":0,"name":"Shaded","section":"Shading Mode"},"sceneLighting":false,"audioPlay":false,"sceneViewState":{"m_AlwaysRefresh":false,"showFog":true,"showSkybox":true,"showFlares":true,"showImageEffects":true,"showParticleSystems":true,"showVisualEffectGraphs":true,"m_FxEnabled":true},"in2DMode":false,"pivot":{"x":0.7535133361816406,"y":1.8844678401947022,"z":22.299097061157228},"rotation":{"x":-0.18803343176841737,"y":0.038879599422216418,"z":-0.007449480704963207,"w":-0.981364905834198},"size":12.631499290466309,"orthographic":false}