{"cameraMode":{"drawMode":0,"name":"Shaded","section":"Shading Mode"},"sceneLighting":false,"audioPlay":false,"sceneViewState":{"m_AlwaysRefresh":false,"showFog":true,"showSkybox":false,"showFlares":true,"showImageEffects":true,"showParticleSystems":true,"showVisualEffectGraphs":true,"m_FxEnabled":true},"in2DMode":false,"pivot":{"x":0.006051121279597282,"y":0.13044002652168275,"z":0.3118797540664673},"rotation":{"x":-0.293722927570343,"y":0.09992677718400955,"z":-0.03110654093325138,"w":-0.9502447247505188},"size":0.9164638519287109,"orthographic":false}